{"cameraMode":{"drawMode":0,"name":"Shaded","section":"Shading Mode"},"sceneLighting":true,"audioPlay":false,"sceneViewState":{"showFog":true,"showMaterialUpdate":true,"showSkybox":true,"showFlares":true,"showImageEffects":true,"showParticleSystems":true,"showVisualEffectGraphs":true,"m_FxEnabled":true},"in2DMode":false,"pivot":{"x":0.17647075653076173,"y":-4.966623306274414,"z":-17.194551467895509},"rotation":{"x":0.40865978598594668,"y":0.5755231976509094,"z":-0.40409624576568606,"w":0.5816550850868225},"size":12.12435531616211,"orthographic":false}