{"cameraMode":{"drawMode":0,"name":"Shaded","section":"Shading Mode"},"sceneLighting":true,"audioPlay":false,"sceneViewState":{"showFog":true,"showMaterialUpdate":false,"showSkybox":true,"showFlares":true,"showImageEffects":true,"showParticleSystems":true,"showVisualEffectGraphs":true,"m_FxEnabled":true},"in2DMode":false,"pivot":{"x":-13.949755668640137,"y":-19.53827667236328,"z":9.643681526184082},"rotation":{"x":0.4162406623363495,"y":-0.005457374267280102,"z":0.0025055937003344299,"w":0.9092490673065186},"size":27.669694900512697,"orthographic":false}