{"cameraMode":{"drawMode":0,"name":"Shaded","section":"Shading Mode"},"sceneLighting":true,"audioPlay":false,"sceneViewState":{"showFog":true,"showMaterialUpdate":false,"showSkybox":true,"showFlares":true,"showImageEffects":true,"showParticleSystems":true,"showVisualEffectGraphs":true,"m_FxEnabled":true},"in2DMode":false,"pivot":{"x":-9.969623565673829,"y":1.6024852991104127,"z":-11.813854217529297},"rotation":{"x":0.5744489431381226,"y":-0.027003778144717218,"z":0.01896674372255802,"w":0.8178807497024536},"size":2.6823313236236574,"orthographic":false}